effective_date,year,month,month_name,day,quarter,petrol_ron92,change,notification_by
2014-01-01 00:00:00,2014,1,January,1,1,112.76,0,OGRA
2014-02-01 00:00:00,2014,2,February,1,1,112.76,0,OGRA
2014-03-01 00:00:00,2014,3,March,1,1,110.03,0,OGRA
2014-04-01 00:00:00,2014,4,April,1,2,108.31,0,OGRA
2014-05-01 00:00:00,2014,5,May,1,2,107.97,0,OGRA
2014-06-01 00:00:00,2014,6,June,1,2,107.97,0,OGRA
2014-07-01 00:00:00,2014,7,July,1,3,107.97,0,OGRA
2014-08-01 00:00:00,2014,8,August,1,3,107.97,0,OGRA
2014-09-01 00:00:00,2014,9,September,1,3,106.56,0,OGRA
2014-10-01 00:00:00,2014,10,October,1,4,103.62,0,OGRA
2014-11-01 00:00:00,2014,11,November,1,4,94.19,0,OGRA
2014-12-01 00:00:00,2014,12,December,1,4,84.53,0,OGRA
2015-01-01 00:00:00,2015,1,January,1,1,78.28,0,OGRA
2015-02-01 00:00:00,2015,2,February,1,1,70.29,0,OGRA
2015-03-01 00:00:00,2015,3,March,1,1,70.29,0,OGRA
2015-04-01 00:00:00,2015,4,April,1,2,74.29,4,OGRA
2015-05-01 00:00:00,2015,5,May,1,2,74.29,0,OGRA
2015-06-01 00:00:00,2015,6,June,1,2,77.79,3.5,OGRA
2015-07-01 00:00:00,2015,7,July,1,3,77.79,0,OGRA
2015-08-01 00:00:00,2015,8,August,1,3,76.76,0,OGRA
2015-09-01 00:00:00,2015,9,September,1,3,73.76,0,OGRA
2015-10-01 00:00:00,2015,10,October,1,4,73.76,0,OGRA
2015-11-01 00:00:00,2015,11,November,1,4,76.26,2.5,OGRA
2015-12-01 00:00:00,2015,12,December,1,4,76.26,0,OGRA
2016-01-01 00:00:00,2016,1,January,1,1,76.25,0,OGRA
2016-02-01 00:00:00,2016,2,February,1,1,71.25,0,OGRA
2016-03-01 00:00:00,2016,3,March,1,1,62.77,0,OGRA
2016-04-01 00:00:00,2016,4,April,1,2,64.27,1.5,OGRA
2016-05-01 00:00:00,2016,5,May,1,2,64.27,0,OGRA
2016-06-01 00:00:00,2016,6,June,1,2,64.27,0,OGRA
2016-07-01 00:00:00,2016,7,July,1,3,64.27,0,OGRA
2016-08-01 00:00:00,2016,8,August,1,3,64.27,0,OGRA
2016-09-01 00:00:00,2016,9,September,1,3,64.27,0,OGRA
2016-10-01 00:00:00,2016,10,October,1,4,64.27,0,OGRA
2016-11-01 00:00:00,2016,11,November,1,4,64.27,0,OGRA
2016-12-01 00:00:00,2016,12,December,1,4,66.27,2,OGRA
2017-01-01 00:00:00,2017,1,January,1,1,66.27,0,OGRA
2017-01-16 00:00:00,2017,1,January,16,1,68.04,1.77,OGRA
2017-02-01 00:00:00,2017,2,February,1,1,70.29,2.25,OGRA
2017-02-16 00:00:00,2017,2,February,16,1,71.29,1,OGRA
2017-03-01 00:00:00,2017,3,March,1,1,73,1.71,OGRA
2017-04-01 00:00:00,2017,4,April,1,2,74,1,OGRA
2017-05-01 00:00:00,2017,5,May,1,2,74,0,OGRA
2017-06-01 00:00:00,2017,6,June,1,2,72.8,0,OGRA
2017-07-01 00:00:00,2017,7,July,1,3,71.3,0,OGRA
2017-08-01 00:00:00,2017,8,August,1,3,71.3,0,OGRA
2017-08-06 00:00:00,2017,8,August,6,3,69.5,0,OGRA
2017-09-01 00:00:00,2017,9,September,1,3,71.5,2,OGRA
2017-10-01 00:00:00,2017,10,October,1,4,73.5,2,OGRA
2017-11-01 00:00:00,2017,11,November,1,4,75.99,2.49,OGRA
2017-12-01 00:00:00,2017,12,December,1,4,77.47,1.48,OGRA
2018-01-01 00:00:00,2018,1,January,1,1,81.53,4.06,OGRA
2018-02-01 00:00:00,2018,2,February,1,1,84.51,2.98,OGRA
2018-03-01 00:00:00,2018,3,March,1,1,88.07,3.56,OGRA
2018-04-01 00:00:00,2018,4,April,1,2,86,0,OGRA
2018-05-01 00:00:00,2018,5,May,1,2,87.7,1.7,OGRA
2018-06-01 00:00:00,2018,6,June,1,2,87.7,0,OGRA
2018-06-12 00:00:00,2018,6,June,12,2,91.96,4.26,OGRA
2018-07-01 00:00:00,2018,7,July,1,3,99.5,7.54,OGRA
2018-07-08 00:00:00,2018,7,July,8,3,95.24,0,OGRA
2018-08-01 00:00:00,2018,8,August,1,3,95.24,0,OGRA
2018-09-01 00:00:00,2018,9,September,1,3,92.83,0,OGRA
2018-10-01 00:00:00,2018,10,October,1,4,92.83,0,OGRA
2018-11-01 00:00:00,2018,11,November,1,4,97.83,5,OGRA
2018-12-01 00:00:00,2018,12,December,1,4,95.83,0,OGRA
2019-01-01 00:00:00,2019,1,January,1,1,90.97,0,OGRA
2019-02-01 00:00:00,2019,2,February,1,1,90.38,0,OGRA
2019-03-01 00:00:00,2019,3,March,1,1,92.89,2.51,OGRA
2019-04-01 00:00:00,2019,4,April,1,2,98.89,6,OGRA
2019-05-01 00:00:00,2019,5,May,1,2,98.89,0,OGRA
2019-05-05 00:00:00,2019,5,May,5,2,108.42,9.53,OGRA
2019-06-01 00:00:00,2019,6,June,1,2,112.68,4.26,OGRA
2019-07-01 00:00:00,2019,7,July,1,3,112.68,0,OGRA
2019-08-01 00:00:00,2019,8,August,1,3,117.83,5.15,OGRA
2019-09-01 00:00:00,2019,9,September,1,3,113.24,0,OGRA
2019-10-01 00:00:00,2019,10,October,1,4,113.24,0,OGRA
2019-11-01 00:00:00,2019,11,November,1,4,114.24,1,OGRA
2019-12-01 00:00:00,2019,12,December,1,4,113.99,0,OGRA
2020-01-01 00:00:00,2020,1,January,1,1,116.6,2.61,OGRA
2020-02-01 00:00:00,2020,2,February,1,1,116.6,0,OGRA
2020-03-01 00:00:00,2020,3,March,1,1,111.59,0,OGRA
2020-03-25 00:00:00,2020,3,March,25,1,96.58,0,OGRA
2020-05-01 00:00:00,2020,5,May,1,2,81.58,0,OGRA
2020-06-01 00:00:00,2020,6,June,1,2,74.52,0,OGRA
2020-06-26 00:00:00,2020,6,June,26,2,100.11,25.59,OGRA
2020-08-01 00:00:00,2020,8,August,1,3,103.97,3.86,OGRA
2020-09-01 00:00:00,2020,9,September,1,3,103.97,0,OGRA
2020-09-16 00:00:00,2020,9,September,16,3,103.97,0,OGRA
2020-10-01 00:00:00,2020,10,October,1,4,103.97,0,OGRA
2020-10-16 00:00:00,2020,10,October,16,4,103.97,0,OGRA
2020-11-01 00:00:00,2020,11,November,1,4,102.4,0,OGRA
2020-11-16 00:00:00,2020,11,November,16,4,100.69,0,OGRA
2020-12-01 00:00:00,2020,12,December,1,4,100.69,0,OGRA
2020-12-16 00:00:00,2020,12,December,16,4,103.69,3,OGRA
2021-01-01 00:00:00,2021,1,January,1,1,106,2.31,OGRA
2021-01-16 00:00:00,2021,1,January,16,1,109.2,3.2,OGRA
2021-02-01 00:00:00,2021,2,February,1,1,111.9,2.7,OGRA
2021-02-16 00:00:00,2021,2,February,16,1,111.9,0,OGRA
2021-03-01 00:00:00,2021,3,March,1,1,111.9,0,OGRA
2021-03-16 00:00:00,2021,3,March,16,1,111.9,0,OGRA
2021-04-01 00:00:00,2021,4,April,1,2,110.35,0,OGRA
2021-04-16 00:00:00,2021,4,April,16,2,108.56,0,OGRA
2021-05-01 00:00:00,2021,5,May,1,2,108.56,0,OGRA
2021-05-18 00:00:00,2021,5,May,18,2,108.56,0,OGRA
2021-06-01 00:00:00,2021,6,June,1,2,108.56,0,OGRA
2021-06-16 00:00:00,2021,6,June,16,2,110.69,2.13,OGRA
2021-07-01 00:00:00,2021,7,July,1,3,112.69,2,OGRA
2021-07-16 00:00:00,2021,7,July,16,3,118.08,5.39,OGRA
2021-08-01 00:00:00,2021,8,August,1,3,119.8,1.72,OGRA
2021-08-16 00:00:00,2021,8,August,16,3,119.8,0,OGRA
2021-09-01 00:00:00,2021,9,September,1,3,118.3,0,OGRA
2021-09-16 00:00:00,2021,9,September,16,3,123.3,5,OGRA
2021-10-01 00:00:00,2021,10,October,1,4,127.3,4,OGRA
2021-10-16 00:00:00,2021,10,October,16,4,137.79,10.49,OGRA
2021-11-01 00:00:00,2021,11,November,1,4,137.79,0,OGRA
2021-11-05 00:00:00,2021,11,November,5,4,145.82,8.03,OGRA
2021-11-16 00:00:00,2021,11,November,16,4,145.82,0,OGRA
2021-12-01 00:00:00,2021,12,December,1,4,145.82,0,OGRA
2021-12-16 00:00:00,2021,12,December,16,4,140.82,0,OGRA
2022-03-01 00:00:00,2022,3,March,1,1,149.86,9.04,OGRA
2022-05-27 00:00:00,2022,5,May,27,2,179.86,30,OGRA
2022-06-03 00:00:00,2022,6,June,3,2,209.86,30,OGRA
2022-06-16 00:00:00,2022,6,June,16,2,233.89,24.03,OGRA
2022-07-01 00:00:00,2022,7,July,1,3,248.74,14.85,OGRA
2022-07-15 00:00:00,2022,7,July,15,3,230.34,0,OGRA
2022-08-01 00:00:00,2022,8,August,1,3,227.19,0,OGRA
2022-08-15 00:00:00,2022,8,August,15,3,233.91,6.72,OGRA
2022-09-01 00:00:00,2022,9,September,1,3,235.98,2.07,OGRA
2022-09-22 00:00:00,2022,9,September,22,3,237.43,1.45,OGRA
2022-10-01 00:00:00,2022,10,October,1,4,224.48,0,OGRA
2022-10-16 00:00:00,2022,10,October,16,4,224.48,0,OGRA
2022-11-01 00:00:00,2022,11,November,1,4,224.48,0,OGRA
2022-11-16 00:00:00,2022,11,November,16,4,224.48,0,OGRA
2022-12-16 00:00:00,2022,12,December,16,4,214.8,0,OGRA
2023-01-29 00:00:00,2023,1,January,29,1,249.8,35,OGRA
2023-02-16 00:00:00,2023,2,February,16,1,272,22.2,OGRA
2023-03-01 00:00:00,2023,3,March,1,1,267,0,OGRA
2023-03-16 00:00:00,2023,3,March,16,1,272,5,OGRA
2023-04-16 00:00:00,2023,4,April,16,2,282,10,OGRA
2023-05-16 00:00:00,2023,5,May,16,2,270,0,OGRA
2023-06-01 00:00:00,2023,6,June,1,2,262,0,OGRA
2023-07-16 00:00:00,2023,7,July,16,3,253,0,OGRA
2023-08-01 00:00:00,2023,8,August,1,3,272.95,19.95,OGRA
2023-08-16 00:00:00,2023,8,August,16,3,290.45,17.5,OGRA
2023-09-01 00:00:00,2023,9,September,1,3,305.36,14.91,OGRA
2023-09-16 00:00:00,2023,9,September,16,3,331.38,26.02,OGRA
2023-10-01 00:00:00,2023,10,October,1,4,323.38,0,OGRA
2023-10-16 00:00:00,2023,10,October,16,4,283.38,0,OGRA
2023-11-01 00:00:00,2023,11,November,1,4,283.38,0,OGRA
2023-11-16 00:00:00,2023,11,November,16,4,281.34,0,OGRA
2023-12-01 00:00:00,2023,12,December,1,4,281.34,0,OGRA
2023-12-16 00:00:00,2023,12,December,16,4,267.34,0,OGRA
2024-01-01 00:00:00,2024,1,January,1,1,267.34,0,OGRA
2024-01-16 00:00:00,2024,1,January,16,1,259.34,0,OGRA
2024-02-01 00:00:00,2024,2,February,1,1,272.89,13.55,OGRA
2024-02-16 00:00:00,2024,2,February,16,1,275.62,2.73,OGRA
2024-03-01 00:00:00,2024,3,March,1,1,279.75,4.13,OGRA
2024-03-16 00:00:00,2024,3,March,16,1,279.75,0,OGRA
2024-04-01 00:00:00,2024,4,April,1,2,289.41,9.66,OGRA
2024-04-16 00:00:00,2024,4,April,16,2,293.94,4.53,OGRA
2024-05-01 00:00:00,2024,5,May,1,2,288.49,0,OGRA
2024-05-15 00:00:00,2024,5,May,15,2,273.1,0,OGRA
2024-06-01 00:00:00,2024,6,June,1,2,268.36,0,OGRA
2024-06-15 00:00:00,2024,6,June,15,2,258.16,0,OGRA
2024-07-01 00:00:00,2024,7,July,1,3,265.61,7.45,OGRA
2024-07-15 00:00:00,2024,7,July,15,3,275.6,9.99,OGRA
2024-08-01 00:00:00,2024,8,August,1,3,269.43,0,OGRA
2024-08-14 00:00:00,2024,8,August,14,3,260.96,0,OGRA
2024-09-01 00:00:00,2024,9,September,1,3,259.1,0,OGRA
2024-09-16 00:00:00,2024,9,September,16,3,249.1,0,OGRA
2024-10-01 00:00:00,2024,10,October,1,4,247.03,0,OGRA
2024-10-16 00:00:00,2024,10,October,16,4,247.03,0,OGRA
2024-11-01 00:00:00,2024,11,November,1,4,248.38,1.35,OGRA
2024-12-01 00:00:00,2024,12,December,1,4,252.1,3.72,OGRA
2024-12-16 00:00:00,2024,12,December,16,4,252.1,0,OGRA
2024-12-31 00:00:00,2024,12,December,31,4,252.66,0.56,OGRA
2025-01-16 00:00:00,2025,1,January,16,1,256.13,3.47,OGRA
2025-01-31 00:00:00,2025,1,January,31,1,257.13,1,OGRA
2025-02-16 00:00:00,2025,2,February,16,1,256.13,0,OGRA
2025-03-16 00:00:00,2025,3,March,16,1,255.63,0,OGRA
2025-03-29 00:00:00,2025,3,March,29,1,254.63,0,OGRA
2025-05-01 00:00:00,2025,5,May,1,2,252.63,0,OGRA
2025-05-16 00:00:00,2025,5,May,16,2,252.63,0,OGRA
2025-06-01 00:00:00,2025,6,June,1,2,253.63,1,OGRA
2025-06-15 00:00:00,2025,6,June,15,2,258.43,4.8,OGRA
2025-07-01 00:00:00,2025,7,July,1,3,266.79,8.36,OGRA
2025-07-15 00:00:00,2025,7,July,15,3,272.15,5.36,OGRA
2025-08-01 00:00:00,2025,8,August,1,3,264.61,0,OGRA
2025-08-15 00:00:00,2025,8,August,15,3,264.61,0,OGRA
2025-09-01 00:00:00,2025,9,September,1,3,264.61,0,OGRA
2025-09-16 00:00:00,2025,9,September,16,3,264.61,0,OGRA
2025-10-01 00:00:00,2025,10,October,1,4,268.68,4.07,OGRA
2025-10-16 00:00:00,2025,10,October,16,4,263.02,0,OGRA
2025-11-01 00:00:00,2025,11,November,1,4,265.45,2.43,OGRA
2025-11-15 00:00:00,2025,11,November,15,4,265.45,0,OGRA
2025-12-01 00:00:00,2025,12,December,1,4,263.45,0,OGRA
2025-12-16 00:00:00,2025,12,December,16,4,263.45,0,OGRA
