date,year,month,day,day_name,quarter,holiday_name,holiday_type,public_holiday
2014-02-05 00:00:00,2014,February,5,Wednesday,1,Kashmir Day,National,Yes
2014-03-23 00:00:00,2014,March,23,Sunday,1,Pakistan Day,National,Yes
2014-05-01 00:00:00,2014,May,1,Thursday,2,Labour Day,National,Yes
2014-08-14 00:00:00,2014,August,14,Thursday,3,Independence Day,National,Yes
2014-12-25 00:00:00,2014,December,25,Thursday,4,Quaid-e-Azam Day,National,Yes
2015-02-05 00:00:00,2015,February,5,Thursday,1,Kashmir Day,National,Yes
2015-03-23 00:00:00,2015,March,23,Monday,1,Pakistan Day,National,Yes
2015-05-01 00:00:00,2015,May,1,Friday,2,Labour Day,National,Yes
2015-08-14 00:00:00,2015,August,14,Friday,3,Independence Day,National,Yes
2015-12-25 00:00:00,2015,December,25,Friday,4,Quaid-e-Azam Day,National,Yes
2016-02-05 00:00:00,2016,February,5,Friday,1,Kashmir Day,National,Yes
2016-03-23 00:00:00,2016,March,23,Wednesday,1,Pakistan Day,National,Yes
2016-05-01 00:00:00,2016,May,1,Sunday,2,Labour Day,National,Yes
2016-08-14 00:00:00,2016,August,14,Sunday,3,Independence Day,National,Yes
2016-12-25 00:00:00,2016,December,25,Sunday,4,Quaid-e-Azam Day,National,Yes
2017-02-05 00:00:00,2017,February,5,Sunday,1,Kashmir Day,National,Yes
2017-03-23 00:00:00,2017,March,23,Thursday,1,Pakistan Day,National,Yes
2017-05-01 00:00:00,2017,May,1,Monday,2,Labour Day,National,Yes
2017-08-14 00:00:00,2017,August,14,Monday,3,Independence Day,National,Yes
2017-12-25 00:00:00,2017,December,25,Monday,4,Quaid-e-Azam Day,National,Yes
2018-02-05 00:00:00,2018,February,5,Monday,1,Kashmir Day,National,Yes
2018-03-23 00:00:00,2018,March,23,Friday,1,Pakistan Day,National,Yes
2018-05-01 00:00:00,2018,May,1,Tuesday,2,Labour Day,National,Yes
2018-08-14 00:00:00,2018,August,14,Tuesday,3,Independence Day,National,Yes
2018-12-25 00:00:00,2018,December,25,Tuesday,4,Quaid-e-Azam Day,National,Yes
2019-02-05 00:00:00,2019,February,5,Tuesday,1,Kashmir Day,National,Yes
2019-03-23 00:00:00,2019,March,23,Saturday,1,Pakistan Day,National,Yes
2019-05-01 00:00:00,2019,May,1,Wednesday,2,Labour Day,National,Yes
2019-08-14 00:00:00,2019,August,14,Wednesday,3,Independence Day,National,Yes
2019-12-25 00:00:00,2019,December,25,Wednesday,4,Quaid-e-Azam Day,National,Yes
2020-02-05 00:00:00,2020,February,5,Wednesday,1,Kashmir Day,National,Yes
2020-03-23 00:00:00,2020,March,23,Monday,1,Pakistan Day,National,Yes
2020-05-01 00:00:00,2020,May,1,Friday,2,Labour Day,National,Yes
2020-08-14 00:00:00,2020,August,14,Friday,3,Independence Day,National,Yes
2020-12-25 00:00:00,2020,December,25,Friday,4,Quaid-e-Azam Day,National,Yes
2021-02-05 00:00:00,2021,February,5,Friday,1,Kashmir Day,National,Yes
2021-03-23 00:00:00,2021,March,23,Tuesday,1,Pakistan Day,National,Yes
2021-05-01 00:00:00,2021,May,1,Saturday,2,Labour Day,National,Yes
2021-08-14 00:00:00,2021,August,14,Saturday,3,Independence Day,National,Yes
2021-12-25 00:00:00,2021,December,25,Saturday,4,Quaid-e-Azam Day,National,Yes
2022-02-05 00:00:00,2022,February,5,Saturday,1,Kashmir Day,National,Yes
2022-03-23 00:00:00,2022,March,23,Wednesday,1,Pakistan Day,National,Yes
2022-05-01 00:00:00,2022,May,1,Sunday,2,Labour Day,National,Yes
2022-08-14 00:00:00,2022,August,14,Sunday,3,Independence Day,National,Yes
2022-12-25 00:00:00,2022,December,25,Sunday,4,Quaid-e-Azam Day,National,Yes
2023-02-05 00:00:00,2023,February,5,Sunday,1,Kashmir Day,National,Yes
2023-03-23 00:00:00,2023,March,23,Thursday,1,Pakistan Day,National,Yes
2023-05-01 00:00:00,2023,May,1,Monday,2,Labour Day,National,Yes
2023-08-14 00:00:00,2023,August,14,Monday,3,Independence Day,National,Yes
2023-12-25 00:00:00,2023,December,25,Monday,4,Quaid-e-Azam Day,National,Yes
2024-02-05 00:00:00,2024,February,5,Monday,1,Kashmir Day,National,Yes
2024-03-23 00:00:00,2024,March,23,Saturday,1,Pakistan Day,National,Yes
2024-05-01 00:00:00,2024,May,1,Wednesday,2,Labour Day,National,Yes
2024-08-14 00:00:00,2024,August,14,Wednesday,3,Independence Day,National,Yes
2024-12-25 00:00:00,2024,December,25,Wednesday,4,Quaid-e-Azam Day,National,Yes
2025-02-05 00:00:00,2025,February,5,Wednesday,1,Kashmir Day,National,Yes
2025-03-23 00:00:00,2025,March,23,Sunday,1,Pakistan Day,National,Yes
2025-05-01 00:00:00,2025,May,1,Thursday,2,Labour Day,National,Yes
2025-08-14 00:00:00,2025,August,14,Thursday,3,Independence Day,National,Yes
2025-12-25 00:00:00,2025,December,25,Thursday,4,Quaid-e-Azam Day,National,Yes
