Station_ID,Station_Code,Station_Name,Official_Address,Route_Order,Latitude,Longitude,Administrative Town,Area Type,Landmark,Interchange,Opening Date,Status,Source
1,LMB001,Shahdara,"Shahdara Town, Shahdara, Lahore",1,31.6208,74.2925,Ravi Town,residential,ShahdaraTown,No,2013-02-10 00:00:00,Active,Punjab Mass Transit Authority
2,LMB002,Niazi Chowk Station,"Ravi Road, Kasurpura, Lahore",2,31.6028,74.3071,Ravi Town,Commercial,Niazi Chowk,No,2013-02-10 00:00:00,Active,Punjab Mass Transit Authority
3,LMB003,Timber Market Station,"Ravi Road, Ravi Park, Lahore",3,31.5926,74.3142,Ravi Town,Commercial,Timber Market,No,2013-02-10 00:00:00,Active,Punjab Mass Transit Authority
4,LMB004,Azadi Chowk Station,"Ravi Road, Walled City of Lahore, Lahore",4,31.5839,74.3206,Ravi Town,Commercial,Azadi Chowk,No,2013-02-10 00:00:00,Active,Punjab Mass Transit Authority
5,LMB005,Bhati Chowk Station,"Data Darbar Road, Data Gunj Buksh Town, Lahore",5,31.5654,74.3368,Data Ganj Bakhsh Town,Historic / Commercial,Data Darbar,No,2013-02-10 00:00:00,Active,Punjab Mass Transit Authority
6,LMB006,Katchehry Station,"Lower Mall, Anarkali Bazaar, Data Gunj Buksh Town, Lahore",6,31.5593,74.3289,Data Ganj Bakhsh Town,Government,Lahore High Court / District Courts Area,No,2013-02-10 00:00:00,Active,Punjab Mass Transit Authority
7,LMB007,Civil Secretariat,"Lower Mall, Anarkali Bazaar, Lahore",7,31.561,74.318,Data Ganj Bakhsh Town,Government,Civil Secretariat Punjab,No,2013-02-10 00:00:00,Active,Punjab Mass Transit Authority
8,LMB008,MAO College,"Chauburji Quarters, Mozang Chungi, Lahore",8,31.5582,74.3275,Data Ganj Bakhsh Town,Educational,MAO College,No,2013-02-10 00:00:00,Active,Punjab Mass Transit Authority
9,LMB009,Janazgah Station,"Janazgah, Lytton Road, Lahore",9,31.5697,74.3108,Data Ganj Bakhsh Town,Mixed,Janazgah,No,2013-02-10 00:00:00,Active,Punjab Mass Transit Authority
10,LMB010,Qartaba Chowk,"Mozang Chungi, Queen's Road, Lahore",10,31.5525,74.3063,Gulberg Town,Commercial,Qartaba Chowk,No,2013-02-10 00:00:00,Active,Punjab Mass Transit Authority
11,LMB011,Shama Station,"Ferozepur Road, Ichhra Lahore",11,31.5488,74.3072,Gulberg Town,Commercial,Shama Chowk,No,2013-02-10 00:00:00,Active,Punjab Mass Transit Authority
12,LMB012,Ichhra Station,"Ferozepur Road, Ichhra Lahore",12,31.5449,74.3085,Gulberg Town,Commercial,Ichhra Bazaar,No,2013-02-10 00:00:00,Active,Punjab Mass Transit Authority
13,LMB013,Canal Station,"Lahore Metro Bus, Station # 13, Fazlia Colony, Lahore",13,31.5408,74.3099,Gulberg Town,Mixed,Canal Bridge,No,2013-02-10 00:00:00,Active,Punjab Mass Transit Authority
14,LMB014,Gaddafi Stadium Station,"Ferozepur Road, Abu Bakar Block Garden Town, Lahore",14,31.5368,74.3115,Gulberg Town,Recreational,Gaddafi Stadium,No,2013-02-10 00:00:00,Active,Punjab Mass Transit Authority
15,LMB015,Kalma Chowk Station,"Ferozepur Road, Tipu Block Gulberg III, Lahore",15,31.5324,74.3132,Gulberg Town,Commercial,Kalma Chowk Flyover,No,2013-02-10 00:00:00,Active,Punjab Mass Transit Authority
16,LMB016,Model Town Station,"Model Town, Lahore",16,31.5278,74.315,Gulberg Town,Residential,Model Town,No,2013-02-10 00:00:00,Active,Punjab Mass Transit Authority
17,LMB017,Naseerabad Station,"Lahore Metro Bus System, Model Town, Lahore",17,31.5232,74.3174,Gulberg Town,Residential,Naseerabad,No,2013-02-10 00:00:00,Active,Punjab Mass Transit Authority
18,LMB018,Ittefaq Hospital,"Arfa Software Technology Park Bus Station, Ferozepur Road, Model Town, Lahore",18,31.5187,74.3201,Gulberg Town,Healthcare,Ittefaq Hospital / Arfa Software Technology Park,No,2013-02-10 00:00:00,Active,Punjab Mass Transit Authority
19,LMB019,Qainchi Station,"Ferozepur Road, Nishtar Town, Lahore",19,31.5138,74.3234,Gulberg Town,Commercial,Qainchi Chowk,No,2013-02-10 00:00:00,Active,Punjab Mass Transit Authority
20,LMB020,Ghazi Chowk Station,"Ferozepur Road, Gul Colony, Lahore",20,31.5085,74.327,Gulberg Town,Commercial,Ghazi Chowk,No,2013-02-10 00:00:00,Active,Punjab Mass Transit Authority
21,LMB021,Chungi Amar Sidhu Station,"Chungi Amar Sidhu, Lahore",21,31.5032,74.3312,Gulberg Town,Commercial,Chungi Amar Sidhu,No,2013-02-10 00:00:00,Active,Punjab Mass Transit Authority
22,LMB022,Kamahan Station,"Lahore - Kasur Road, Gulshan Yaseen Colony, Lahore",22,31.4978,74.336,Gulberg Town,Residential,Kamahan,No,2013-02-10 00:00:00,Active,Punjab Mass Transit Authority
23,LMB023,Atari Saroba Station,"Lahore - Kasur Road, Sherwani Town Housing Scheme, Lahore",23,31.4923,74.3415,Gulberg Town,Residential,Atari Saroba,No,2013-02-10 00:00:00,Active,Punjab Mass Transit Authority
24,LMB024,Nishtar Colony Station,"Waheed Brother Colony, Lahore",24,31.4867,74.3478,Gulberg Town,Residential,Nishtar Colony,No,2013-02-10 00:00:00,Active,Punjab Mass Transit Authority
25,LMB025,Youhanabad Station,"Metro Bus Station, Youhanabad, Kasur Road, Glaxo Town, Lahore",25,31.4812,74.3542,Gulberg Town,Residential,Youhanabad,No,2013-02-10 00:00:00,Active,Punjab Mass Transit Authority
26,LMB026,Dullu Khurd Station,"Lahore - Kasur Road, Asif Town, Lahore",26,31.4756,74.3611,Gulberg Town,Residential,Dullu Khurd,No,2013-02-10 00:00:00,Active,Punjab Mass Transit Authority
27,LMB027,Gajjumata,"Lahore Metro Bus System, Gajjumata, Lahore",27,31.4702,74.3685,Gulberg Town,Residential,Gajjumata Terminal,No,2013-02-10 00:00:00,Active,Punjab Mass Transit Authority
